<application>
  <component name="aws">
    <option name="promptedForTelemetry" value="true" />
    <option name="telemetryEnabled" value="true" />
  </component>
  <component name="executables">
    <option name="value">
      <list>
        <ExecutableState>
          <option name="id" value="cloud-debugCli" />
        </ExecutableState>
        <ExecutableState>
          <option name="autoResolved" value="true" />
          <option name="executablePath" value="C:\Python37\Scripts\sam.exe" />
          <option name="id" value="samCli" />
          <option name="lastKnownFileTime" value="1588090424302" />
        </ExecutableState>
      </list>
    </option>
  </component>
</application>