<application>
  <component name="ProjectJdkTable">
    <jdk version="2">
      <name value="Remote Python 2.7.17 (sftp://ubuntu@ec2-54-93-111-125.eu-central-1.compute.amazonaws.com:22/usr/bin/python)" />
      <type value="Python SDK" />
      <version value="Python 2.7.17" />
      <homePath value="sftp://ubuntu@ec2-54-93-111-125.eu-central-1.compute.amazonaws.com:22/usr/bin/python" />
      <roots>
        <classPath>
          <root type="composite">
            <root url="file://$USER_HOME$/.PyCharm2019.2/system/remote_sources/2020267385/201544331" type="simple" />
            <root url="file://$USER_HOME$/.PyCharm2019.2/system/remote_sources/2020267385/724150857" type="simple" />
            <root url="file://$USER_HOME$/.PyCharm2019.2/system/remote_sources/2020267385/-154863933" type="simple" />
            <root url="file://$USER_HOME$/.PyCharm2019.2/system/remote_sources/2020267385/-2006528493" type="simple" />
            <root url="file://$USER_HOME$/.PyCharm2019.2/system/remote_sources/2020267385/-733941234" type="simple" />
            <root url="file://$USER_HOME$/.PyCharm2019.2/system/remote_sources/2020267385/-125940560" type="simple" />
            <root url="file://$USER_HOME$/.PyCharm2019.2/system/python_stubs/2020267385" type="simple" />
            <root url="file://$APPLICATION_HOME_DIR$/helpers/python-skeletons" type="simple" />
            <root url="file://$APPLICATION_HOME_DIR$/helpers/typeshed/stdlib/2" type="simple" />
            <root url="file://$APPLICATION_HOME_DIR$/helpers/typeshed/stdlib/2and3" type="simple" />
            <root url="file://$APPLICATION_HOME_DIR$/helpers/typeshed/third_party/2" type="simple" />
            <root url="file://$APPLICATION_HOME_DIR$/helpers/typeshed/third_party/2and3" type="simple" />
          </root>
        </classPath>
        <sourcePath>
          <root type="composite" />
        </sourcePath>
      </roots>
      <additional WEB_SERVER_CONFIG_ID="56c5f9c8-2f8c-4f6a-a5d0-52ba614a172e" WEB_SERVER_CONFIG_NAME="Copy of project-level server 'ec2-54-93-111-125.eu-central-1.compute.amazonaws.com'" WEB_SERVER_CREDENTIALS_ID="sftp://ubuntu@ec2-54-93-111-125.eu-central-1.compute.amazonaws.com:22" INTERPRETER_PATH="/usr/bin/python" HELPERS_PATH="/home/ubuntu/.pycharm_helpers" INITIALIZED="false" VALID="true" RUN_AS_ROOT_VIA_SUDO="false" SKELETONS_PATH="" VERSION="">
        <PathMappingSettings>
          <option name="pathMappings">
            <list>
              <mapping local-root="$USER_HOME$/.PyCharm2019.2/system/remote_sources/2020267385/201544331" remote-root="/usr/lib/python2.7" />
              <mapping local-root="$USER_HOME$/.PyCharm2019.2/system/remote_sources/2020267385/724150857" remote-root="/usr/lib/python2.7/plat-x86_64-linux-gnu" />
              <mapping local-root="$USER_HOME$/.PyCharm2019.2/system/remote_sources/2020267385/-154863933" remote-root="/usr/lib/python2.7/lib-tk" />
              <mapping local-root="$USER_HOME$/.PyCharm2019.2/system/remote_sources/2020267385/-2006528493" remote-root="/usr/lib/python2.7/lib-dynload" />
              <mapping local-root="$USER_HOME$/.PyCharm2019.2/system/remote_sources/2020267385/-733941234" remote-root="/home/ubuntu/.local/lib/python2.7/site-packages" />
              <mapping local-root="$USER_HOME$/.PyCharm2019.2/system/remote_sources/2020267385/-125940560" remote-root="/usr/lib/python2.7/dist-packages" />
            </list>
          </option>
        </PathMappingSettings>
      </additional>
    </jdk>
    <jdk version="2">
      <name value="Python 3.7" />
      <type value="Python SDK" />
      <version value="Python 3.7.0" />
      <homePath value="C:\Python37\python.exe" />
      <roots>
        <classPath>
          <root type="composite">
            <root url="file://C:/Python37/DLLs" type="simple" />
            <root url="file://C:/Python37/Lib" type="simple" />
            <root url="file://C:/Python37" type="simple" />
            <root url="file://$USER_HOME$/AppData/Roaming/Python/Python37/site-packages" type="simple" />
            <root url="file://C:/Python37/Lib/site-packages" type="simple" />
            <root url="file://C:/Python37/Lib/site-packages/win32" type="simple" />
            <root url="file://C:/Python37/Lib/site-packages/win32/lib" type="simple" />
            <root url="file://C:/Python37/Lib/site-packages/pythonwin" type="simple" />
            <root url="file://$USER_HOME$/.PyCharm2019.2/system/python_stubs/-1055577769" type="simple" />
            <root url="file://$APPLICATION_HOME_DIR$/helpers/python-skeletons" type="simple" />
            <root url="file://$APPLICATION_HOME_DIR$/helpers/typeshed/stdlib/3" type="simple" />
            <root url="file://$APPLICATION_HOME_DIR$/helpers/typeshed/stdlib/2and3" type="simple" />
            <root url="file://$APPLICATION_HOME_DIR$/helpers/typeshed/third_party/3" type="simple" />
            <root url="file://$APPLICATION_HOME_DIR$/helpers/typeshed/third_party/2and3" type="simple" />
          </root>
        </classPath>
        <sourcePath>
          <root type="composite" />
        </sourcePath>
      </roots>
      <additional ASSOCIATED_PROJECT_PATH="$USER_HOME$/flask" />
    </jdk>
    <jdk version="2">
      <name value="Python 3.7 (ec2)" />
      <type value="Python SDK" />
      <version value="Python 3.7.0" />
      <homePath value="C:\Users\persy\ec2\venv\Scripts\python.exe" />
      <roots>
        <classPath>
          <root type="composite">
            <root url="file://C:/Python37/DLLs" type="simple" />
            <root url="file://C:/Python37/Lib" type="simple" />
            <root url="file://C:/Python37" type="simple" />
            <root url="file://$USER_HOME$/ec2/venv" type="simple" />
            <root url="file://$USER_HOME$/ec2/venv/Lib/site-packages" type="simple" />
            <root url="jar://$USER_HOME$/ec2/venv/Lib/site-packages/setuptools-40.8.0-py3.7.egg!/" type="simple" />
            <root url="file://$USER_HOME$/ec2/venv/Lib/site-packages/pip-19.0.3-py3.7.egg" type="simple" />
            <root url="file://$USER_HOME$/.PyCharm2019.2/system/python_stubs/650201145" type="simple" />
            <root url="file://$APPLICATION_HOME_DIR$/helpers/python-skeletons" type="simple" />
            <root url="file://$APPLICATION_HOME_DIR$/helpers/typeshed/stdlib/3" type="simple" />
            <root url="file://$APPLICATION_HOME_DIR$/helpers/typeshed/stdlib/2and3" type="simple" />
            <root url="file://$APPLICATION_HOME_DIR$/helpers/typeshed/third_party/3" type="simple" />
            <root url="file://$APPLICATION_HOME_DIR$/helpers/typeshed/third_party/2and3" type="simple" />
          </root>
        </classPath>
        <sourcePath>
          <root type="composite" />
        </sourcePath>
      </roots>
      <additional ASSOCIATED_PROJECT_PATH="$USER_HOME$/ec2" />
    </jdk>
    <jdk version="2">
      <name value="Remote Python 2.7.17 (sftp://ubuntu@ec2-54-93-111-125.eu-central-1.compute.amazonaws.com:22/usr/bin/python) (2)" />
      <type value="Python SDK" />
      <version value="Python 2.7.17" />
      <homePath value="sftp://ubuntu@ec2-54-93-111-125.eu-central-1.compute.amazonaws.com:22/usr/bin/python" />
      <roots>
        <classPath>
          <root type="composite">
            <root url="file://$USER_HOME$/.PyCharm2019.2/system/remote_sources/2020267385/201544331" type="simple" />
            <root url="file://$USER_HOME$/.PyCharm2019.2/system/remote_sources/2020267385/724150857" type="simple" />
            <root url="file://$USER_HOME$/.PyCharm2019.2/system/remote_sources/2020267385/-154863933" type="simple" />
            <root url="file://$USER_HOME$/.PyCharm2019.2/system/remote_sources/2020267385/-2006528493" type="simple" />
            <root url="file://$USER_HOME$/.PyCharm2019.2/system/remote_sources/2020267385/-733941234" type="simple" />
            <root url="file://$USER_HOME$/.PyCharm2019.2/system/remote_sources/2020267385/-125940560" type="simple" />
            <root url="file://$USER_HOME$/.PyCharm2019.2/system/python_stubs/2020267385" type="simple" />
            <root url="file://$APPLICATION_HOME_DIR$/helpers/python-skeletons" type="simple" />
            <root url="file://$APPLICATION_HOME_DIR$/helpers/typeshed/stdlib/2" type="simple" />
            <root url="file://$APPLICATION_HOME_DIR$/helpers/typeshed/stdlib/2and3" type="simple" />
            <root url="file://$APPLICATION_HOME_DIR$/helpers/typeshed/third_party/2" type="simple" />
            <root url="file://$APPLICATION_HOME_DIR$/helpers/typeshed/third_party/2and3" type="simple" />
          </root>
        </classPath>
        <sourcePath>
          <root type="composite" />
        </sourcePath>
      </roots>
      <additional WEB_SERVER_CONFIG_ID="2d7b7662-785d-4822-8e6a-904a1760071f" WEB_SERVER_CONFIG_NAME="ubuntu@ec2-54-93-111-125.eu-central-1.compute.amazonaws.com:22" WEB_SERVER_CREDENTIALS_ID="sftp://ubuntu@ec2-54-93-111-125.eu-central-1.compute.amazonaws.com:22" INTERPRETER_PATH="/usr/bin/python" HELPERS_PATH="/home/ubuntu/.pycharm_helpers" INITIALIZED="false" VALID="true" RUN_AS_ROOT_VIA_SUDO="false" SKELETONS_PATH="" VERSION="">
        <PathMappingSettings>
          <option name="pathMappings">
            <list>
              <mapping local-root="$USER_HOME$/.PyCharm2019.2/system/remote_sources/2020267385/201544331" remote-root="/usr/lib/python2.7" />
              <mapping local-root="$USER_HOME$/.PyCharm2019.2/system/remote_sources/2020267385/724150857" remote-root="/usr/lib/python2.7/plat-x86_64-linux-gnu" />
              <mapping local-root="$USER_HOME$/.PyCharm2019.2/system/remote_sources/2020267385/-154863933" remote-root="/usr/lib/python2.7/lib-tk" />
              <mapping local-root="$USER_HOME$/.PyCharm2019.2/system/remote_sources/2020267385/-2006528493" remote-root="/usr/lib/python2.7/lib-dynload" />
              <mapping local-root="$USER_HOME$/.PyCharm2019.2/system/remote_sources/2020267385/-733941234" remote-root="/home/ubuntu/.local/lib/python2.7/site-packages" />
              <mapping local-root="$USER_HOME$/.PyCharm2019.2/system/remote_sources/2020267385/-125940560" remote-root="/usr/lib/python2.7/dist-packages" />
            </list>
          </option>
        </PathMappingSettings>
      </additional>
    </jdk>
    <jdk version="2">
      <name value="Python 3.7 (Django)" />
      <type value="Python SDK" />
      <version value="Python 3.7.0" />
      <homePath value="C:\Django\env\Scripts\python.exe" />
      <roots>
        <classPath>
          <root type="composite">
            <root url="file://C:/Python37/DLLs" type="simple" />
            <root url="file://C:/Python37/Lib" type="simple" />
            <root url="file://C:/Python37" type="simple" />
            <root url="file://C:/Django/env" type="simple" />
            <root url="file://C:/Django/env/Lib/site-packages" type="simple" />
            <root url="file://$USER_HOME$/.PyCharm2019.2/system/python_stubs/-62980283" type="simple" />
            <root url="file://$APPLICATION_HOME_DIR$/helpers/python-skeletons" type="simple" />
            <root url="file://$APPLICATION_HOME_DIR$/helpers/typeshed/stdlib/3" type="simple" />
            <root url="file://$APPLICATION_HOME_DIR$/helpers/typeshed/stdlib/2and3" type="simple" />
            <root url="file://$APPLICATION_HOME_DIR$/helpers/typeshed/third_party/3" type="simple" />
            <root url="file://$APPLICATION_HOME_DIR$/helpers/typeshed/third_party/2and3" type="simple" />
          </root>
        </classPath>
        <sourcePath>
          <root type="composite" />
        </sourcePath>
      </roots>
      <additional ASSOCIATED_PROJECT_PATH="C:/Django" />
    </jdk>
    <jdk version="2">
      <name value="Python 3.7 (eshopdjango-jay)" />
      <type value="Python SDK" />
      <version value="Python 3.7.0" />
      <homePath value="D:\F\Music\Tech\eshopdjango-jay\venv\Scripts\python.exe" />
      <roots>
        <classPath>
          <root type="composite">
            <root url="file://C:/Python37/DLLs" type="simple" />
            <root url="file://C:/Python37/Lib" type="simple" />
            <root url="file://C:/Python37" type="simple" />
            <root url="file://D:/F/Music/Tech/eshopdjango-jay/venv" type="simple" />
            <root url="file://D:/F/Music/Tech/eshopdjango-jay/venv/Lib/site-packages" type="simple" />
            <root url="file://$USER_HOME$/.PyCharm2019.2/system/python_stubs/-170337938" type="simple" />
            <root url="file://$APPLICATION_HOME_DIR$/helpers/python-skeletons" type="simple" />
            <root url="file://$APPLICATION_HOME_DIR$/helpers/typeshed/stdlib/3" type="simple" />
            <root url="file://$APPLICATION_HOME_DIR$/helpers/typeshed/stdlib/2and3" type="simple" />
            <root url="file://$APPLICATION_HOME_DIR$/helpers/typeshed/third_party/3" type="simple" />
            <root url="file://$APPLICATION_HOME_DIR$/helpers/typeshed/third_party/2and3" type="simple" />
          </root>
        </classPath>
        <sourcePath>
          <root type="composite" />
        </sourcePath>
      </roots>
      <additional ASSOCIATED_PROJECT_PATH="D:/F/Music/Tech/eshopdjango-jay" />
    </jdk>
    <jdk version="2">
      <name value="Python 3.7 (eshopdjango_jay)" />
      <type value="Python SDK" />
      <version value="Python 3.7.0" />
      <homePath value="D:\F\Music\Tech\eshopdjango_jay\venv\Scripts\python.exe" />
      <roots>
        <classPath>
          <root type="composite">
            <root url="file://C:/Python37/DLLs" type="simple" />
            <root url="file://C:/Python37/Lib" type="simple" />
            <root url="file://C:/Python37" type="simple" />
            <root url="file://D:/F/Music/Tech/eshopdjango_jay/venv" type="simple" />
            <root url="file://D:/F/Music/Tech/eshopdjango_jay/venv/Lib/site-packages" type="simple" />
            <root url="file://$USER_HOME$/.PyCharm2019.2/system/python_stubs/-22263300" type="simple" />
            <root url="file://$APPLICATION_HOME_DIR$/helpers/python-skeletons" type="simple" />
            <root url="file://$APPLICATION_HOME_DIR$/helpers/typeshed/stdlib/3" type="simple" />
            <root url="file://$APPLICATION_HOME_DIR$/helpers/typeshed/stdlib/2and3" type="simple" />
            <root url="file://$APPLICATION_HOME_DIR$/helpers/typeshed/third_party/3" type="simple" />
            <root url="file://$APPLICATION_HOME_DIR$/helpers/typeshed/third_party/2and3" type="simple" />
          </root>
        </classPath>
        <sourcePath>
          <root type="composite" />
        </sourcePath>
      </roots>
      <additional ASSOCIATED_PROJECT_PATH="D:/F/Music/Tech/eshopdjango_jay" />
    </jdk>
  </component>
</application>