<application>
  <component name="WebServers">
    <option name="servers">
      <webServer id="2d7b7662-785d-4822-8e6a-904a1760071f" name="ubuntu@ec2-54-93-111-125.eu-central-1.compute.amazonaws.com:22" url="http:///">
        <fileTransfer host="ec2-54-93-111-125.eu-central-1.compute.amazonaws.com" port="22" privateKey="C:\flask\awsflask1.pem" accessType="SFTP" keyPair="true">
          <option name="port" value="22" />
        </fileTransfer>
      </webServer>
    </option>
  </component>
</application>